Workbook

Sheet Sheet1
A1: Order ID | B1: Date | C1: Order Amount | D1: Quantity | E1: Cuisine | F1: Payment Mode | G1: City | H1: Total Amount | I1: Year | J1: Month | K1: Day
A2: ORD1001 | B2: 45658 | C2: 101 | D2: 2 | E2: Indian | F2: UPI | G2: Agra | H2: =Order_Table[[#This Row],[Order Amount]]*Order_Table[[#This Row],[Quantity]] -> 202 | I2: =YEAR(Order_Table[[#This Row],[Date]]) -> 2025 | J2: =TEXT(Order_Table[[#This Row],[Date]],"mmm") -> Jan | K2: =DAY(Order_Table[[#This Row],[Date]]) -> 1
A3: ORD1002 | B3: 45660 | C3: 79 | D3: 5 | E3: Chinese | F3: Cash | G3: Ahmedabad | H3: =Order_Table[[#This Row],[Order Amount]]*Order_Table[[#This Row],[Quantity]] -> 395 | I3: =YEAR(Order_Table[[#This Row],[Date]]) -> 2025 | J3: =TEXT(Order_Table[[#This Row],[Date]],"mmm") -> Jan | K3: =DAY(Order_Table[[#This Row],[Date]]) -> 3
A4: ORD1003 | B4: 45662 | C4: 122 | D4: 4 | E4: Italian | F4: Card | G4: Allahabad | H4: =Order_Table[[#This Row],[Order Amount]]*Order_Table[[#This Row],[Quantity]] -> 488 | I4: =YEAR(Order_Table[[#This Row],[Date]]) -> 2025 | J4: =TEXT(Order_Table[[#This Row],[Date]],"mmm") -> Jan | K4: =DAY(Order_Table[[#This Row],[Date]]) -> 5
A5: ORD1004 | B5: 45664 | C5: 107 | D5: 2 | E5: Indian | F5: UPI | G5: Amritsar | H5: =Order_Table[[#This Row],[Order Amount]]*Order_Table[[#This Row],[Quantity]] -> 214 | I5: =YEAR(Order_Table[[#This Row],[Date]]) -> 2025 | J5: =TEXT(Order_Table[[#This Row],[Date]],"mmm") -> Jan | K5: =DAY(Order_Table[[#This Row],[Date]]) -> 7
A6: ORD1005 | B6: 45666 | C6: 123 | D6: 5 | E6: Mexican | F6: Wallet | G6: Chandigarh | H6: =Order_Table[[#This Row],[Order Amount]]*Order_Table[[#This Row],[Quantity]] -> 615 | I6: =YEAR(Order_Table[[#This Row],[Date]]) -> 2025 | J6: =TEXT(Order_Table[[#This Row],[Date]],"mmm") -> Jan | K6: =DAY(Order_Table[[#This Row],[Date]]) -> 9
A7: ORD1006 | B7: 46033 | C7: 88 | D7: 4 | E7: Chinese | F7: UPI | G7: Aurangabad | H7: =Order_Table[[#This Row],[Order Amount]]*Order_Table[[#This Row],[Quantity]] -> 352 | I7: =YEAR(Order_Table[[#This Row],[Date]]) -> 2026 | J7: =TEXT(Order_Table[[#This Row],[Date]],"mmm") -> Jan | K7: =DAY(Order_Table[[#This Row],[Date]]) -> 11
A8: ORD1007 | B8: 46035 | C8: 66 | D8: 8 | E8: Indian | F8: Cash | G8: Bangalore | H8: =Order_Table[[#This Row],[Order Amount]]*Order_Table[[#This Row],[Quantity]] -> 528 | I8: =YEAR(Order_Table[[#This Row],[Date]]) -> 2026 | J8: =TEXT(Order_Table[[#This Row],[Date]],"mmm") -> Jan | K8: =DAY(Order_Table[[#This Row],[Date]]) -> 13
A9: ORD1008 | B9: 46037 | C9: 91 | D9: 6 | E9: Italian | F9: Card | G9: Bhopal | H9: =Order_Table[[#This Row],[Order Amount]]*Order_Table[[#This Row],[Quantity]] -> 546 | I9: =YEAR(Order_Table[[#This Row],[Date]]) -> 2026 | J9: =TEXT(Order_Table[[#This Row],[Date]],"mmm") -> Jan | K9: =DAY(Order_Table[[#This Row],[Date]]) -> 15
A10: ORD1009 | B10: 46054 | C10: 52 | D10: 1 | E10: Indian | F10: UPI | G10: Bhubaneshwar | H10: =Order_Table[[#This Row],[Order Amount]]*Order_Table[[#This Row],[Quantity]] -> 52 | I10: =YEAR(Order_Table[[#This Row],[Date]]) -> 2026 | J10: =TEXT(Order_Table[[#This Row],[Date]],"mmm") -> Feb | K10: =DAY(Order_Table[[#This Row],[Date]]) -> 1
A11: ORD1010 | B11: 46056 | C11: 91 | D11: 5 | E11: Chinese | F11: Wallet | G11: Chennai | H11: =Order_Table[[#This Row],[Order Amount]]*Order_Table[[#This Row],[Quantity]] -> 455 | I11: =YEAR(Order_Table[[#This Row],[Date]]) -> 2026 | J11: =TEXT(Order_Table[[#This Row],[Date]],"mmm") -> Feb | K11: =DAY(Order_Table[[#This Row],[Date]]) -> 3
A12: ORD1011 | B12: 46058 | C12: 111 | D12: 8 | E12: Indian | F12: UPI | G12: Dehradun | H12: =Order_Table[[#This Row],[Order Amount]]*Order_Table[[#This Row],[Quantity]] -> 888 | I12: =YEAR(Order_Table[[#This Row],[Date]]) -> 2026 | J12: =TEXT(Order_Table[[#This Row],[Date]],"mmm") -> Feb | K12: =DAY(Order_Table[[#This Row],[Date]]) -> 5
A13: ORD1012 | B13: 46060 | C13: 83 | D13: 7 | E13: Italian | F13: Cash | G13: Faridabad | H13: =Order_Table[[#This Row],[Order Amount]]*Order_Table[[#This Row],[Quantity]] -> 581 | I13: =YEAR(Order_Table[[#This Row],[Date]]) -> 2026 | J13: =TEXT(Order_Table[[#This Row],[Date]],"mmm") -> Feb | K13: =DAY(Order_Table[[#This Row],[Date]]) -> 7
... A70: ORD1069 | B70: 46292 | C70: 127 | D70: 5 | E70: Mexican | F70: Wallet | G70: Bhubaneshwar | H70: =Order_Table[[#This Row],[Order Amount]]*Order_Table[[#This Row],[Quantity]] -> 635 | I70: =YEAR(Order_Table[[#This Row],[Date]]) -> 2026 | J70: =TEXT(Order_Table[[#This Row],[Date]],"mmm") -> Sep | K70: =DAY(Order_Table[[#This Row],[Date]]) -> 27

Sheet Pivote Table
A3: Row Labels | B3: Count of Total Amount | C3: Sum of Total Amount | D3: Max of Total Amount | E3: Average of Total Amount | G3: Cuisine | H3: Count | I3: Sum | J3: Max | K3: Avg | O3: Sales Performance Dashboard
A4: Chinese | B4: 19 | C4: 9809 | D4: 1048 | E4: 516.26316 | G4: {=OFFSET($A$3,1,0,COUNT(B:B)-1)} -> Chinese | H4: {=OFFSET(A3,1,1,COUNT(B:B)-1)} -> 19 | I4: {=OFFSET(B3,1,1,COUNT(C:C)-1)} -> 9809 | J4: {=OFFSET(C3,1,1,COUNT(D:D)-1)} -> 1048 | K4: {=OFFSET(D3,1,1,COUNT(E:E)-1)} -> 516.26316 | O4: Period : 2025– 2026
A5: Indian | B5: 28 | C5: 12981 | D5: 1144 | E5: 463.60714 | G5: Indian | H5: 28 | I5: 12981 | J5: 1144 | K5: 463.60714
A6: Italian | B6: 15 | C6: 5859 | D6: 1024 | E6: 390.6 | G6: Italian | H6: 15 | I6: 5859 | J6: 1024 | K6: 390.6 | O6: Min Sales | T6: Max Sales | X6: Avg Sales
A7: Mexican | B7: 7 | C7: 3630 | D7: 896 | E7: 518.57143 | G7: Mexican | H7: 7 | I7: 3630 | J7: 896 | K7: 518.57143 | O7: =GETPIVOTDATA("Total Amount",'Pivote Table'!$A$17) -> 52 | T7: =GETPIVOTDATA("Total Amount",'Pivote Table'!$A$20) -> 1144 | X7: =GETPIVOTDATA("Total Amount",'Pivote Table'!$A$24) -> 467.81159
A8: Grand Total | B8: 69 | C8: 32279 | D8: 1144 | E8: 467.81159
F12: Row Labels | G12: Sum of Total Amount
A13: Total , Min, Avg, Max | F13: 2026 | G13: 30365
A14: Sum of Total Amount | F14: 2025 | G14: 1914
A15: 32279 | F15: Grand Total | G15: 32279
A17: Min of Total Amount | F17: Row Labels | G17: Sum of Total Amount | I17: Months | J17: Sum of Total Amount
A18: 52 | F18: Jan | G18: 3340 | I18: {=OFFSET(F$17,1,0,COUNT(G17:G27)-1)} -> Jan | J18: {=OFFSET(G17,1,0,COUNT(H17:H27)-1)} -> 3340
F19: Feb | G19: 3646 | I19: Feb | J19: {=OFFSET(G18,1,0,COUNT(H18:H28)-1)} -> 3646
A20: Max of Total Amount | F20: Mar | G20: 3938 | I20: Mar | J20: {=OFFSET(G19,1,0,COUNT(H19:H29)-1)} -> 3938
A21: 1144 | F21: Apr | G21: 2630 | I21: Apr | J21: {=OFFSET(G20,1,0,COUNT(H20:H30)-1)} -> 2630
F22: May | G22: 4451 | I22: May | J22: {=OFFSET(G21,1,0,COUNT(H21:H31)-1)} -> 4451
F23: Jun | G23: 4165 | I23: Jun | J23: {=OFFSET(G22,1,0,COUNT(H22:H32)-1)} -> 4165
A24: Average of Total Amount | F24: Jul | G24: 3289 | I24: Jul | J24: {=OFFSET(G23,1,0,COUNT(H23:H33)-1)} -> 3289
A25: 467.81159 | F25: Aug | G25: 2535 | I25: Aug | J25: {=OFFSET(G24,1,0,COUNT(H24:H34)-1)} -> 2535
F26: Sep | G26: 4285 | I26: Sep | J26: {=OFFSET(G25,1,0,COUNT(H25:H35)-1)} -> 4285
F27: Grand Total | G27: 32279

Sheet Sheet2
B2: Sales Performance Dashboard
B3: Period : 2025– 2026
B5: Min Sales | E5: Max Sales | H5: Avg Sales
B6: =GETPIVOTDATA("Total Amount",'Pivote Table'!$A$17) -> 52 | E6: =GETPIVOTDATA("Total Amount",'Pivote Table'!$A$20) -> 1144 | H6: =GETPIVOTDATA("Total Amount",'Pivote Table'!$A$24) -> 467.81159
